appname,api_method
cost-sentry,google.iam.admin.v1.IAM.CreateServiceAccount
cost-sentry,google.iam.admin.alpha.IAM.CreateServiceAccount
cost-sentry,google.iam.admin.beta.IAM.CreateServiceAccount
cost-sentry,google.iam.admin.v1beta1.IAM.CreateServiceAccount
cost-sentry,google.iam.admin.v1beta2.IAM.CreateServiceAccount
cost-sentry,google.iam.admin.v1beta3.IAM.CreateServiceAccount
cost-sentry,google.iam.admin.v1beta4.IAM.CreateServiceAccount
cost-sentry,google.iam.admin.v1.IAM.UpdateRole
cost-sentry,google.iam.admin.alpha.IAM.UpdateRole
cost-sentry,google.iam.admin.beta.IAM.UpdateRole
cost-sentry,google.iam.admin.v1beta1.IAM.UpdateRole
cost-sentry,google.iam.admin.v1beta2.IAM.UpdateRole
cost-sentry,google.iam.admin.v1beta3.IAM.UpdateRole
cost-sentry,google.iam.admin.v1beta4.IAM.UpdateRole
cost-sentry,google.pubsub.v1.Publisher.CreateTopic
cost-sentry,google.pubsub.alpha.Publisher.CreateTopic
cost-sentry,google.pubsub.beta.Publisher.CreateTopic
cost-sentry,google.pubsub.v1beta1.Publisher.CreateTopic
cost-sentry,google.pubsub.v1beta2.Publisher.CreateTopic
cost-sentry,google.pubsub.v1beta3.Publisher.CreateTopic
cost-sentry,google.pubsub.v1beta4.Publisher.CreateTopic
cost-sentry,google.cloud.run.v1.Services.CreateService
cost-sentry,google.cloud.run.alpha.Services.CreateService
cost-sentry,google.cloud.run.beta.Services.CreateService
cost-sentry,google.cloud.run.v1beta1.Services.CreateService
cost-sentry,google.cloud.run.v1beta2.Services.CreateService
cost-sentry,google.cloud.run.v1beta3.Services.CreateService
cost-sentry,google.cloud.run.v1beta4.Services.CreateService
cost-sentry,google.cloud.run.v1.Services.SetIamPolicy
cost-sentry,google.cloud.run.alpha.Services.SetIamPolicy
cost-sentry,google.cloud.run.beta.Services.SetIamPolicy
cost-sentry,google.cloud.run.v1beta1.Services.SetIamPolicy
cost-sentry,google.cloud.run.v1beta2.Services.SetIamPolicy
cost-sentry,google.cloud.run.v1beta3.Services.SetIamPolicy
cost-sentry,google.cloud.run.v1beta4.Services.SetIamPolicy
cost-sentry,compute.v1.InstancesService.Insert
cost-sentry,compute.alpha.InstancesService.Insert
cost-sentry,compute.beta.InstancesService.Insert
cost-sentry,compute.v1beta1.InstancesService.Insert
cost-sentry,compute.v1beta2.InstancesService.Insert
cost-sentry,compute.v1beta3.InstancesService.Insert
cost-sentry,compute.v1beta4.InstancesService.Insert
cost-sentry,compute.v1.InstancesService.SetMetadata
cost-sentry,compute.alpha.InstancesService.SetMetadata
cost-sentry,compute.beta.InstancesService.SetMetadata
cost-sentry,compute.v1beta1.InstancesService.SetMetadata
cost-sentry,compute.v1beta2.InstancesService.SetMetadata
cost-sentry,compute.v1beta3.InstancesService.SetMetadata
cost-sentry,compute.v1beta4.InstancesService.SetMetadata
cost-sentry,storage.buckets.insert
cost-sentry,storage.buckets.insert
cost-sentry,storage.buckets.insert
cost-sentry,storage.buckets.insert
cost-sentry,storage.buckets.insert
cost-sentry,storage.buckets.insert
cost-sentry,storage.buckets.insert
cost-sentry,storage.objects.insert
cost-sentry,storage.objects.insert
cost-sentry,storage.objects.insert
cost-sentry,storage.objects.insert
cost-sentry,storage.objects.insert
cost-sentry,storage.objects.insert
cost-sentry,storage.objects.insert
cost-sentry,storage.objects.update
cost-sentry,storage.objects.update
cost-sentry,storage.objects.update
cost-sentry,storage.objects.update
cost-sentry,storage.objects.update
cost-sentry,storage.objects.update
cost-sentry,storage.objects.update
cost-sentry,google.cloud.functions.v1.CloudFunctionsService.CreateFunction
cost-sentry,google.cloud.functions.alpha.CloudFunctionsService.CreateFunction
cost-sentry,google.cloud.functions.beta.CloudFunctionsService.CreateFunction
cost-sentry,google.cloud.functions.v1beta1.CloudFunctionsService.CreateFunction
cost-sentry,google.cloud.functions.v1beta2.CloudFunctionsService.CreateFunction
cost-sentry,google.cloud.functions.v1beta3.CloudFunctionsService.CreateFunction
cost-sentry,google.cloud.functions.v1beta4.CloudFunctionsService.CreateFunction
etl-pipeline,google.iam.admin.v1.IAM.CreateServiceAccount
etl-pipeline,google.iam.admin.alpha.IAM.CreateServiceAccount
etl-pipeline,google.iam.admin.beta.IAM.CreateServiceAccount
etl-pipeline,google.iam.admin.v1beta1.IAM.CreateServiceAccount
etl-pipeline,google.iam.admin.v1beta2.IAM.CreateServiceAccount
etl-pipeline,google.iam.admin.v1beta3.IAM.CreateServiceAccount
etl-pipeline,google.iam.admin.v1beta4.IAM.CreateServiceAccount
etl-pipeline,google.iam.admin.v1.IAM.UpdateRole
etl-pipeline,google.iam.admin.alpha.IAM.UpdateRole
etl-pipeline,google.iam.admin.beta.IAM.UpdateRole
etl-pipeline,google.iam.admin.v1beta1.IAM.UpdateRole
etl-pipeline,google.iam.admin.v1beta2.IAM.UpdateRole
etl-pipeline,google.iam.admin.v1beta3.IAM.UpdateRole
etl-pipeline,google.iam.admin.v1beta4.IAM.UpdateRole
etl-pipeline,google.iam.admin.v1.IAM.UpdateRole
etl-pipeline,google.iam.admin.alpha.IAM.UpdateRole
etl-pipeline,google.iam.admin.beta.IAM.UpdateRole
etl-pipeline,google.iam.admin.v1beta1.IAM.UpdateRole
etl-pipeline,google.iam.admin.v1beta2.IAM.UpdateRole
etl-pipeline,google.iam.admin.v1beta3.IAM.UpdateRole
etl-pipeline,google.iam.admin.v1beta4.IAM.UpdateRole
etl-pipeline,google.cloud.orchestration.airflow.service.v1.Environments.CreateEnvironment
etl-pipeline,google.cloud.orchestration.airflow.service.alpha.Environments.CreateEnvironment
etl-pipeline,google.cloud.orchestration.airflow.service.beta.Environments.CreateEnvironment
etl-pipeline,google.cloud.orchestration.airflow.service.v1beta1.Environments.CreateEnvironment
etl-pipeline,google.cloud.orchestration.airflow.service.v1beta2.Environments.CreateEnvironment
etl-pipeline,google.cloud.orchestration.airflow.service.v1beta3.Environments.CreateEnvironment
etl-pipeline,google.cloud.orchestration.airflow.service.v1beta4.Environments.CreateEnvironment
etl-pipeline,google.cloud.bigquery.v1.DatasetService.InsertDataset
etl-pipeline,google.cloud.bigquery.alpha.DatasetService.InsertDataset
etl-pipeline,google.cloud.bigquery.beta.DatasetService.InsertDataset
etl-pipeline,google.cloud.bigquery.v1beta1.DatasetService.InsertDataset
etl-pipeline,google.cloud.bigquery.v1beta2.DatasetService.InsertDataset
etl-pipeline,google.cloud.bigquery.v1beta3.DatasetService.InsertDataset
etl-pipeline,google.cloud.bigquery.v1beta4.DatasetService.InsertDataset
etl-pipeline,google.cloud.bigquery.v1.TableService.InsertTable
etl-pipeline,google.cloud.bigquery.alpha.TableService.InsertTable
etl-pipeline,google.cloud.bigquery.beta.TableService.InsertTable
etl-pipeline,google.cloud.bigquery.v1beta1.TableService.InsertTable
etl-pipeline,google.cloud.bigquery.v1beta2.TableService.InsertTable
etl-pipeline,google.cloud.bigquery.v1beta3.TableService.InsertTable
etl-pipeline,google.cloud.bigquery.v1beta4.TableService.InsertTable
etl-pipeline,google.cloud.bigquery.v1.TableService.UpdateTable
etl-pipeline,google.cloud.bigquery.alpha.TableService.UpdateTable
etl-pipeline,google.cloud.bigquery.beta.TableService.UpdateTable
etl-pipeline,google.cloud.bigquery.v1beta1.TableService.UpdateTable
etl-pipeline,google.cloud.bigquery.v1beta2.TableService.UpdateTable
etl-pipeline,google.cloud.bigquery.v1beta3.TableService.UpdateTable
etl-pipeline,google.cloud.bigquery.v1beta4.TableService.UpdateTable
etl-pipeline,google.cloud.bigquery.v1.TableService.PatchTable
etl-pipeline,google.cloud.bigquery.alpha.TableService.PatchTable
etl-pipeline,google.cloud.bigquery.beta.TableService.PatchTable
etl-pipeline,google.cloud.bigquery.v1beta1.TableService.PatchTable
etl-pipeline,google.cloud.bigquery.v1beta2.TableService.PatchTable
etl-pipeline,google.cloud.bigquery.v1beta3.TableService.PatchTable
etl-pipeline,google.cloud.bigquery.v1beta4.TableService.PatchTable
etl-pipeline,storage.buckets.insert
etl-pipeline,storage.buckets.insert
etl-pipeline,storage.buckets.insert
etl-pipeline,storage.buckets.insert
etl-pipeline,storage.buckets.insert
etl-pipeline,storage.buckets.insert
etl-pipeline,storage.buckets.insert
etl-pipeline,storage.objects.update
etl-pipeline,storage.objects.update
etl-pipeline,storage.objects.update
etl-pipeline,storage.objects.update
etl-pipeline,storage.objects.update
etl-pipeline,storage.objects.update
etl-pipeline,storage.objects.update
etl-pipeline,storage.objects.insert
etl-pipeline,storage.objects.insert
etl-pipeline,storage.objects.insert
etl-pipeline,storage.objects.insert
etl-pipeline,storage.objects.insert
etl-pipeline,storage.objects.insert
etl-pipeline,storage.objects.insert
etl-pipeline,storage.objects.insert
etl-pipeline,storage.objects.insert
etl-pipeline,storage.objects.insert
etl-pipeline,storage.objects.insert
etl-pipeline,storage.objects.insert
etl-pipeline,storage.objects.insert
etl-pipeline,storage.objects.insert
etl-pipeline,storage.objects.update
etl-pipeline,storage.objects.update
etl-pipeline,storage.objects.update
etl-pipeline,storage.objects.update
etl-pipeline,storage.objects.update
etl-pipeline,storage.objects.update
etl-pipeline,storage.objects.update
etl-pipeline,storage.objects.insert
etl-pipeline,storage.objects.insert
etl-pipeline,storage.objects.insert
etl-pipeline,storage.objects.insert
etl-pipeline,storage.objects.insert
etl-pipeline,storage.objects.insert
etl-pipeline,storage.objects.insert
etl-pipeline,storage.objects.update
etl-pipeline,storage.objects.update
etl-pipeline,storage.objects.update
etl-pipeline,storage.objects.update
etl-pipeline,storage.objects.update
etl-pipeline,storage.objects.update
etl-pipeline,storage.objects.update
etl-pipeline,storage.objects.insert
etl-pipeline,storage.objects.insert
etl-pipeline,storage.objects.insert
etl-pipeline,storage.objects.insert
etl-pipeline,storage.objects.insert
etl-pipeline,storage.objects.insert
etl-pipeline,storage.objects.insert
etl-pipeline,storage.objects.update
etl-pipeline,storage.objects.update
etl-pipeline,storage.objects.update
etl-pipeline,storage.objects.update
etl-pipeline,storage.objects.update
etl-pipeline,storage.objects.update
etl-pipeline,storage.objects.update
load-balanced-vms,compute.v1.InstancesService.Insert
load-balanced-vms,compute.alpha.InstancesService.Insert
load-balanced-vms,compute.beta.InstancesService.Insert
load-balanced-vms,compute.v1beta1.InstancesService.Insert
load-balanced-vms,compute.v1beta2.InstancesService.Insert
load-balanced-vms,compute.v1beta3.InstancesService.Insert
load-balanced-vms,compute.v1beta4.InstancesService.Insert
load-balanced-vms,compute.v1.InstancesService.SetMetadata
load-balanced-vms,compute.alpha.InstancesService.SetMetadata
load-balanced-vms,compute.beta.InstancesService.SetMetadata
load-balanced-vms,compute.v1beta1.InstancesService.SetMetadata
load-balanced-vms,compute.v1beta2.InstancesService.SetMetadata
load-balanced-vms,compute.v1beta3.InstancesService.SetMetadata
load-balanced-vms,compute.v1beta4.InstancesService.SetMetadata
load-balanced-vms,compute.v1.DisksService.CreateSnapshot
load-balanced-vms,compute.alpha.DisksService.CreateSnapshot
load-balanced-vms,compute.beta.DisksService.CreateSnapshot
load-balanced-vms,compute.v1beta1.DisksService.CreateSnapshot
load-balanced-vms,compute.v1beta2.DisksService.CreateSnapshot
load-balanced-vms,compute.v1beta3.DisksService.CreateSnapshot
load-balanced-vms,compute.v1beta4.DisksService.CreateSnapshot
load-balanced-vms,compute.v1.ImagesService.Insert
load-balanced-vms,compute.alpha.ImagesService.Insert
load-balanced-vms,compute.beta.ImagesService.Insert
load-balanced-vms,compute.v1beta1.ImagesService.Insert
load-balanced-vms,compute.v1beta2.ImagesService.Insert
load-balanced-vms,compute.v1beta3.ImagesService.Insert
load-balanced-vms,compute.v1beta4.ImagesService.Insert
load-balanced-vms,compute.v1.InstanceTemplatesService.Insert
load-balanced-vms,compute.alpha.InstanceTemplatesService.Insert
load-balanced-vms,compute.beta.InstanceTemplatesService.Insert
load-balanced-vms,compute.v1beta1.InstanceTemplatesService.Insert
load-balanced-vms,compute.v1beta2.InstanceTemplatesService.Insert
load-balanced-vms,compute.v1beta3.InstanceTemplatesService.Insert
load-balanced-vms,compute.v1beta4.InstanceTemplatesService.Insert
load-balanced-vms,compute.v1.InstanceGroupManagersService.Insert
load-balanced-vms,compute.alpha.InstanceGroupManagersService.Insert
load-balanced-vms,compute.beta.InstanceGroupManagersService.Insert
load-balanced-vms,compute.v1beta1.InstanceGroupManagersService.Insert
load-balanced-vms,compute.v1beta2.InstanceGroupManagersService.Insert
load-balanced-vms,compute.v1beta3.InstanceGroupManagersService.Insert
load-balanced-vms,compute.v1beta4.InstanceGroupManagersService.Insert
load-balanced-vms,compute.v1.GlobalAddressesService.Insert
load-balanced-vms,compute.alpha.GlobalAddressesService.Insert
load-balanced-vms,compute.beta.GlobalAddressesService.Insert
load-balanced-vms,compute.v1beta1.GlobalAddressesService.Insert
load-balanced-vms,compute.v1beta2.GlobalAddressesService.Insert
load-balanced-vms,compute.v1beta3.GlobalAddressesService.Insert
load-balanced-vms,compute.v1beta4.GlobalAddressesService.Insert
load-balanced-vms,compute.v1.HealthChecksService.Insert
load-balanced-vms,compute.alpha.HealthChecksService.Insert
load-balanced-vms,compute.beta.HealthChecksService.Insert
load-balanced-vms,compute.v1beta1.HealthChecksService.Insert
load-balanced-vms,compute.v1beta2.HealthChecksService.Insert
load-balanced-vms,compute.v1beta3.HealthChecksService.Insert
load-balanced-vms,compute.v1beta4.HealthChecksService.Insert
load-balanced-vms,compute.v1.FirewallsService.Insert
load-balanced-vms,compute.alpha.FirewallsService.Insert
load-balanced-vms,compute.beta.FirewallsService.Insert
load-balanced-vms,compute.v1beta1.FirewallsService.Insert
load-balanced-vms,compute.v1beta2.FirewallsService.Insert
load-balanced-vms,compute.v1beta3.FirewallsService.Insert
load-balanced-vms,compute.v1beta4.FirewallsService.Insert
load-balanced-vms,compute.v1.BackendServicesService.Insert
load-balanced-vms,compute.alpha.BackendServicesService.Insert
load-balanced-vms,compute.beta.BackendServicesService.Insert
load-balanced-vms,compute.v1beta1.BackendServicesService.Insert
load-balanced-vms,compute.v1beta2.BackendServicesService.Insert
load-balanced-vms,compute.v1beta3.BackendServicesService.Insert
load-balanced-vms,compute.v1beta4.BackendServicesService.Insert
load-balanced-vms,compute.v1.UrlMapsService.Insert
load-balanced-vms,compute.alpha.UrlMapsService.Insert
load-balanced-vms,compute.beta.UrlMapsService.Insert
load-balanced-vms,compute.v1beta1.UrlMapsService.Insert
load-balanced-vms,compute.v1beta2.UrlMapsService.Insert
load-balanced-vms,compute.v1beta3.UrlMapsService.Insert
load-balanced-vms,compute.v1beta4.UrlMapsService.Insert
load-balanced-vms,compute.v1.RegionTargetHttpProxiesService.Insert
load-balanced-vms,compute.alpha.RegionTargetHttpProxiesService.Insert
load-balanced-vms,compute.beta.RegionTargetHttpProxiesService.Insert
load-balanced-vms,compute.v1beta1.RegionTargetHttpProxiesService.Insert
load-balanced-vms,compute.v1beta2.RegionTargetHttpProxiesService.Insert
load-balanced-vms,compute.v1beta3.RegionTargetHttpProxiesService.Insert
load-balanced-vms,compute.v1beta4.RegionTargetHttpProxiesService.Insert
load-balanced-vms,compute.v1.TargetHttpProxiesService.Insert
load-balanced-vms,compute.alpha.TargetHttpProxiesService.Insert
load-balanced-vms,compute.beta.TargetHttpProxiesService.Insert
load-balanced-vms,compute.v1beta1.TargetHttpProxiesService.Insert
load-balanced-vms,compute.v1beta2.TargetHttpProxiesService.Insert
load-balanced-vms,compute.v1beta3.TargetHttpProxiesService.Insert
load-balanced-vms,compute.v1beta4.TargetHttpProxiesService.Insert
load-balanced-vms,compute.v1.GlobalForwardingRulesService.Insert
load-balanced-vms,compute.alpha.GlobalForwardingRulesService.Insert
load-balanced-vms,compute.beta.GlobalForwardingRulesService.Insert
load-balanced-vms,compute.v1beta1.GlobalForwardingRulesService.Insert
load-balanced-vms,compute.v1beta2.GlobalForwardingRulesService.Insert
load-balanced-vms,compute.v1beta3.GlobalForwardingRulesService.Insert
load-balanced-vms,compute.v1beta4.GlobalForwardingRulesService.Insert
nosql-client-server,compute.v1.FirewallsService.Insert
nosql-client-server,compute.alpha.FirewallsService.Insert
nosql-client-server,compute.beta.FirewallsService.Insert
nosql-client-server,compute.v1beta1.FirewallsService.Insert
nosql-client-server,compute.v1beta2.FirewallsService.Insert
nosql-client-server,compute.v1beta3.FirewallsService.Insert
nosql-client-server,compute.v1beta4.FirewallsService.Insert
nosql-client-server,compute.v1.InstancesService.Insert
nosql-client-server,compute.alpha.InstancesService.Insert
nosql-client-server,compute.beta.InstancesService.Insert
nosql-client-server,compute.v1beta1.InstancesService.Insert
nosql-client-server,compute.v1beta2.InstancesService.Insert
nosql-client-server,compute.v1beta3.InstancesService.Insert
nosql-client-server,compute.v1beta4.InstancesService.Insert
nosql-client-server,compute.v1.InstancesService.SetMetadata
nosql-client-server,compute.alpha.InstancesService.SetMetadata
nosql-client-server,compute.beta.InstancesService.SetMetadata
nosql-client-server,compute.v1beta1.InstancesService.SetMetadata
nosql-client-server,compute.v1beta2.InstancesService.SetMetadata
nosql-client-server,compute.v1beta3.InstancesService.SetMetadata
nosql-client-server,compute.v1beta4.InstancesService.SetMetadata
nosql-client-server,compute.v1.InstancesService.Insert
nosql-client-server,compute.alpha.InstancesService.Insert
nosql-client-server,compute.beta.InstancesService.Insert
nosql-client-server,compute.v1beta1.InstancesService.Insert
nosql-client-server,compute.v1beta2.InstancesService.Insert
nosql-client-server,compute.v1beta3.InstancesService.Insert
nosql-client-server,compute.v1beta4.InstancesService.Insert
nosql-client-server,compute.v1.InstancesService.SetMetadata
nosql-client-server,compute.alpha.InstancesService.SetMetadata
nosql-client-server,compute.beta.InstancesService.SetMetadata
nosql-client-server,compute.v1beta1.InstancesService.SetMetadata
nosql-client-server,compute.v1beta2.InstancesService.SetMetadata
nosql-client-server,compute.v1beta3.InstancesService.SetMetadata
nosql-client-server,compute.v1beta4.InstancesService.SetMetadata
ops-agent,compute.v1.InstancesService.SetMetadata
ops-agent,compute.alpha.InstancesService.SetMetadata
ops-agent,compute.beta.InstancesService.SetMetadata
ops-agent,compute.v1beta1.InstancesService.SetMetadata
ops-agent,compute.v1beta2.InstancesService.SetMetadata
ops-agent,compute.v1beta3.InstancesService.SetMetadata
ops-agent,compute.v1beta4.InstancesService.SetMetadata
ops-agent,compute.v1.InstancesService.Insert
ops-agent,compute.alpha.InstancesService.Insert
ops-agent,compute.beta.InstancesService.Insert
ops-agent,compute.v1beta1.InstancesService.Insert
ops-agent,compute.v1beta2.InstancesService.Insert
ops-agent,compute.v1beta3.InstancesService.Insert
ops-agent,compute.v1beta4.InstancesService.Insert
serverless-e2e-photo-sharing-app,compute.v1.NetworksService.Insert
serverless-e2e-photo-sharing-app,compute.alpha.NetworksService.Insert
serverless-e2e-photo-sharing-app,compute.beta.NetworksService.Insert
serverless-e2e-photo-sharing-app,compute.v1beta1.NetworksService.Insert
serverless-e2e-photo-sharing-app,compute.v1beta2.NetworksService.Insert
serverless-e2e-photo-sharing-app,compute.v1beta3.NetworksService.Insert
serverless-e2e-photo-sharing-app,compute.v1beta4.NetworksService.Insert
serverless-e2e-photo-sharing-app,compute.v1.GlobalAddressesService.Insert
serverless-e2e-photo-sharing-app,compute.alpha.GlobalAddressesService.Insert
serverless-e2e-photo-sharing-app,compute.beta.GlobalAddressesService.Insert
serverless-e2e-photo-sharing-app,compute.v1beta1.GlobalAddressesService.Insert
serverless-e2e-photo-sharing-app,compute.v1beta2.GlobalAddressesService.Insert
serverless-e2e-photo-sharing-app,compute.v1beta3.GlobalAddressesService.Insert
serverless-e2e-photo-sharing-app,compute.v1beta4.GlobalAddressesService.Insert
serverless-e2e-photo-sharing-app,google.cloud.servicenetworking.v1.ServicePeeringManager.UpdateConnection
serverless-e2e-photo-sharing-app,google.cloud.servicenetworking.alpha.ServicePeeringManager.UpdateConnection
serverless-e2e-photo-sharing-app,google.cloud.servicenetworking.beta.ServicePeeringManager.UpdateConnection
serverless-e2e-photo-sharing-app,google.cloud.servicenetworking.v1beta1.ServicePeeringManager.UpdateConnection
serverless-e2e-photo-sharing-app,google.cloud.servicenetworking.v1beta2.ServicePeeringManager.UpdateConnection
serverless-e2e-photo-sharing-app,google.cloud.servicenetworking.v1beta3.ServicePeeringManager.UpdateConnection
serverless-e2e-photo-sharing-app,google.cloud.servicenetworking.v1beta4.ServicePeeringManager.UpdateConnection
serverless-e2e-photo-sharing-app,google.iam.admin.v1.IAM.UpdateRole
serverless-e2e-photo-sharing-app,google.iam.admin.alpha.IAM.UpdateRole
serverless-e2e-photo-sharing-app,google.iam.admin.beta.IAM.UpdateRole
serverless-e2e-photo-sharing-app,google.iam.admin.v1beta1.IAM.UpdateRole
serverless-e2e-photo-sharing-app,google.iam.admin.v1beta2.IAM.UpdateRole
serverless-e2e-photo-sharing-app,google.iam.admin.v1beta3.IAM.UpdateRole
serverless-e2e-photo-sharing-app,google.iam.admin.v1beta4.IAM.UpdateRole
serverless-e2e-photo-sharing-app,google.cloud.vpcaccess.v1.VpcAccessService.CreateConnector
serverless-e2e-photo-sharing-app,google.cloud.vpcaccess.alpha.VpcAccessService.CreateConnector
serverless-e2e-photo-sharing-app,google.cloud.vpcaccess.beta.VpcAccessService.CreateConnector
serverless-e2e-photo-sharing-app,google.cloud.vpcaccess.v1beta1.VpcAccessService.CreateConnector
serverless-e2e-photo-sharing-app,google.cloud.vpcaccess.v1beta2.VpcAccessService.CreateConnector
serverless-e2e-photo-sharing-app,google.cloud.vpcaccess.v1beta3.VpcAccessService.CreateConnector
serverless-e2e-photo-sharing-app,google.cloud.vpcaccess.v1beta4.VpcAccessService.CreateConnector
serverless-e2e-photo-sharing-app,google.iam.admin.v1.IAM.CreateServiceAccount
serverless-e2e-photo-sharing-app,google.iam.admin.alpha.IAM.CreateServiceAccount
serverless-e2e-photo-sharing-app,google.iam.admin.beta.IAM.CreateServiceAccount
serverless-e2e-photo-sharing-app,google.iam.admin.v1beta1.IAM.CreateServiceAccount
serverless-e2e-photo-sharing-app,google.iam.admin.v1beta2.IAM.CreateServiceAccount
serverless-e2e-photo-sharing-app,google.iam.admin.v1beta3.IAM.CreateServiceAccount
serverless-e2e-photo-sharing-app,google.iam.admin.v1beta4.IAM.CreateServiceAccount
serverless-e2e-photo-sharing-app,google.cloud.sql.v1.SqlDatabasesService.Insert
serverless-e2e-photo-sharing-app,google.cloud.sql.alpha.SqlDatabasesService.Insert
serverless-e2e-photo-sharing-app,google.cloud.sql.beta.SqlDatabasesService.Insert
serverless-e2e-photo-sharing-app,google.cloud.sql.v1beta1.SqlDatabasesService.Insert
serverless-e2e-photo-sharing-app,google.cloud.sql.v1beta2.SqlDatabasesService.Insert
serverless-e2e-photo-sharing-app,google.cloud.sql.v1beta3.SqlDatabasesService.Insert
serverless-e2e-photo-sharing-app,google.cloud.sql.v1beta4.SqlDatabasesService.Insert
serverless-e2e-photo-sharing-app,google.cloud.sql.v1.SqlDatabasesService.Insert
serverless-e2e-photo-sharing-app,google.cloud.sql.alpha.SqlDatabasesService.Insert
serverless-e2e-photo-sharing-app,google.cloud.sql.beta.SqlDatabasesService.Insert
serverless-e2e-photo-sharing-app,google.cloud.sql.v1beta1.SqlDatabasesService.Insert
serverless-e2e-photo-sharing-app,google.cloud.sql.v1beta2.SqlDatabasesService.Insert
serverless-e2e-photo-sharing-app,google.cloud.sql.v1beta3.SqlDatabasesService.Insert
serverless-e2e-photo-sharing-app,google.cloud.sql.v1beta4.SqlDatabasesService.Insert
serverless-e2e-photo-sharing-app,google.cloud.sql.v1.SqlUsersService.Insert
serverless-e2e-photo-sharing-app,google.cloud.sql.alpha.SqlUsersService.Insert
serverless-e2e-photo-sharing-app,google.cloud.sql.beta.SqlUsersService.Insert
serverless-e2e-photo-sharing-app,google.cloud.sql.v1beta1.SqlUsersService.Insert
serverless-e2e-photo-sharing-app,google.cloud.sql.v1beta2.SqlUsersService.Insert
serverless-e2e-photo-sharing-app,google.cloud.sql.v1beta3.SqlUsersService.Insert
serverless-e2e-photo-sharing-app,google.cloud.sql.v1beta4.SqlUsersService.Insert
serverless-e2e-photo-sharing-app,storage.buckets.insert
serverless-e2e-photo-sharing-app,storage.buckets.insert
serverless-e2e-photo-sharing-app,storage.buckets.insert
serverless-e2e-photo-sharing-app,storage.buckets.insert
serverless-e2e-photo-sharing-app,storage.buckets.insert
serverless-e2e-photo-sharing-app,storage.buckets.insert
serverless-e2e-photo-sharing-app,storage.buckets.insert
serverless-e2e-photo-sharing-app,storage.iam.update
serverless-e2e-photo-sharing-app,storage.iam.update
serverless-e2e-photo-sharing-app,storage.iam.update
serverless-e2e-photo-sharing-app,storage.iam.update
serverless-e2e-photo-sharing-app,storage.iam.update
serverless-e2e-photo-sharing-app,storage.iam.update
serverless-e2e-photo-sharing-app,storage.iam.update
serverless-e2e-photo-sharing-app,google.cloud.secretmanager.v1.SecretManagerService.AddSecretVersion
serverless-e2e-photo-sharing-app,google.cloud.secretmanager.alpha.SecretManagerService.AddSecretVersion
serverless-e2e-photo-sharing-app,google.cloud.secretmanager.beta.SecretManagerService.AddSecretVersion
serverless-e2e-photo-sharing-app,google.cloud.secretmanager.v1beta1.SecretManagerService.AddSecretVersion
serverless-e2e-photo-sharing-app,google.cloud.secretmanager.v1beta2.SecretManagerService.AddSecretVersion
serverless-e2e-photo-sharing-app,google.cloud.secretmanager.v1beta3.SecretManagerService.AddSecretVersion
serverless-e2e-photo-sharing-app,google.cloud.secretmanager.v1beta4.SecretManagerService.AddSecretVersion
serverless-e2e-photo-sharing-app,google.cloud.secretmanager.v1.SecretManagerService.CreateSecret
serverless-e2e-photo-sharing-app,google.cloud.secretmanager.alpha.SecretManagerService.CreateSecret
serverless-e2e-photo-sharing-app,google.cloud.secretmanager.beta.SecretManagerService.CreateSecret
serverless-e2e-photo-sharing-app,google.cloud.secretmanager.v1beta1.SecretManagerService.CreateSecret
serverless-e2e-photo-sharing-app,google.cloud.secretmanager.v1beta2.SecretManagerService.CreateSecret
serverless-e2e-photo-sharing-app,google.cloud.secretmanager.v1beta3.SecretManagerService.CreateSecret
serverless-e2e-photo-sharing-app,google.cloud.secretmanager.v1beta4.SecretManagerService.CreateSecret
serverless-e2e-photo-sharing-app,google.cloud.secretmanager.v1.SecretManagerService.SetIamPolicy
serverless-e2e-photo-sharing-app,google.cloud.secretmanager.alpha.SecretManagerService.SetIamPolicy
serverless-e2e-photo-sharing-app,google.cloud.secretmanager.beta.SecretManagerService.SetIamPolicy
serverless-e2e-photo-sharing-app,google.cloud.secretmanager.v1beta1.SecretManagerService.SetIamPolicy
serverless-e2e-photo-sharing-app,google.cloud.secretmanager.v1beta2.SecretManagerService.SetIamPolicy
serverless-e2e-photo-sharing-app,google.cloud.secretmanager.v1beta3.SecretManagerService.SetIamPolicy
serverless-e2e-photo-sharing-app,google.cloud.secretmanager.v1beta4.SecretManagerService.SetIamPolicy
serverless-e2e-photo-sharing-app,google.cloud.secretmanager.v1.SecretManagerService.CreateSecret
serverless-e2e-photo-sharing-app,google.cloud.secretmanager.alpha.SecretManagerService.CreateSecret
serverless-e2e-photo-sharing-app,google.cloud.secretmanager.beta.SecretManagerService.CreateSecret
serverless-e2e-photo-sharing-app,google.cloud.secretmanager.v1beta1.SecretManagerService.CreateSecret
serverless-e2e-photo-sharing-app,google.cloud.secretmanager.v1beta2.SecretManagerService.CreateSecret
serverless-e2e-photo-sharing-app,google.cloud.secretmanager.v1beta3.SecretManagerService.CreateSecret
serverless-e2e-photo-sharing-app,google.cloud.secretmanager.v1beta4.SecretManagerService.CreateSecret
serverless-e2e-photo-sharing-app,google.cloud.secretmanager.v1.SecretManagerService.CreateSecret
serverless-e2e-photo-sharing-app,google.cloud.secretmanager.alpha.SecretManagerService.CreateSecret
serverless-e2e-photo-sharing-app,google.cloud.secretmanager.beta.SecretManagerService.CreateSecret
serverless-e2e-photo-sharing-app,google.cloud.secretmanager.v1beta1.SecretManagerService.CreateSecret
serverless-e2e-photo-sharing-app,google.cloud.secretmanager.v1beta2.SecretManagerService.CreateSecret
serverless-e2e-photo-sharing-app,google.cloud.secretmanager.v1beta3.SecretManagerService.CreateSecret
serverless-e2e-photo-sharing-app,google.cloud.secretmanager.v1beta4.SecretManagerService.CreateSecret
serverless-e2e-photo-sharing-app,google.cloud.secretmanager.v1.SecretManagerService.CreateSecret
serverless-e2e-photo-sharing-app,google.cloud.secretmanager.alpha.SecretManagerService.CreateSecret
serverless-e2e-photo-sharing-app,google.cloud.secretmanager.beta.SecretManagerService.CreateSecret
serverless-e2e-photo-sharing-app,google.cloud.secretmanager.v1beta1.SecretManagerService.CreateSecret
serverless-e2e-photo-sharing-app,google.cloud.secretmanager.v1beta2.SecretManagerService.CreateSecret
serverless-e2e-photo-sharing-app,google.cloud.secretmanager.v1beta3.SecretManagerService.CreateSecret
serverless-e2e-photo-sharing-app,google.cloud.secretmanager.v1beta4.SecretManagerService.CreateSecret
serverless-e2e-photo-sharing-app,google.cloud.secretmanager.v1.SecretManagerService.AddSecretVersion
serverless-e2e-photo-sharing-app,google.cloud.secretmanager.alpha.SecretManagerService.AddSecretVersion
serverless-e2e-photo-sharing-app,google.cloud.secretmanager.beta.SecretManagerService.AddSecretVersion
serverless-e2e-photo-sharing-app,google.cloud.secretmanager.v1beta1.SecretManagerService.AddSecretVersion
serverless-e2e-photo-sharing-app,google.cloud.secretmanager.v1beta2.SecretManagerService.AddSecretVersion
serverless-e2e-photo-sharing-app,google.cloud.secretmanager.v1beta3.SecretManagerService.AddSecretVersion
serverless-e2e-photo-sharing-app,google.cloud.secretmanager.v1beta4.SecretManagerService.AddSecretVersion
serverless-e2e-photo-sharing-app,google.cloud.secretmanager.v1.SecretManagerService.AddSecretVersion
serverless-e2e-photo-sharing-app,google.cloud.secretmanager.alpha.SecretManagerService.AddSecretVersion
serverless-e2e-photo-sharing-app,google.cloud.secretmanager.beta.SecretManagerService.AddSecretVersion
serverless-e2e-photo-sharing-app,google.cloud.secretmanager.v1beta1.SecretManagerService.AddSecretVersion
serverless-e2e-photo-sharing-app,google.cloud.secretmanager.v1beta2.SecretManagerService.AddSecretVersion
serverless-e2e-photo-sharing-app,google.cloud.secretmanager.v1beta3.SecretManagerService.AddSecretVersion
serverless-e2e-photo-sharing-app,google.cloud.secretmanager.v1beta4.SecretManagerService.AddSecretVersion
serverless-e2e-photo-sharing-app,google.cloud.secretmanager.v1.SecretManagerService.AddSecretVersion
serverless-e2e-photo-sharing-app,google.cloud.secretmanager.alpha.SecretManagerService.AddSecretVersion
serverless-e2e-photo-sharing-app,google.cloud.secretmanager.beta.SecretManagerService.AddSecretVersion
serverless-e2e-photo-sharing-app,google.cloud.secretmanager.v1beta1.SecretManagerService.AddSecretVersion
serverless-e2e-photo-sharing-app,google.cloud.secretmanager.v1beta2.SecretManagerService.AddSecretVersion
serverless-e2e-photo-sharing-app,google.cloud.secretmanager.v1beta3.SecretManagerService.AddSecretVersion
serverless-e2e-photo-sharing-app,google.cloud.secretmanager.v1beta4.SecretManagerService.AddSecretVersion
serverless-e2e-photo-sharing-app,google.cloud.secretmanager.v1.SecretManagerService.SetIamPolicy
serverless-e2e-photo-sharing-app,google.cloud.secretmanager.alpha.SecretManagerService.SetIamPolicy
serverless-e2e-photo-sharing-app,google.cloud.secretmanager.beta.SecretManagerService.SetIamPolicy
serverless-e2e-photo-sharing-app,google.cloud.secretmanager.v1beta1.SecretManagerService.SetIamPolicy
serverless-e2e-photo-sharing-app,google.cloud.secretmanager.v1beta2.SecretManagerService.SetIamPolicy
serverless-e2e-photo-sharing-app,google.cloud.secretmanager.v1beta3.SecretManagerService.SetIamPolicy
serverless-e2e-photo-sharing-app,google.cloud.secretmanager.v1beta4.SecretManagerService.SetIamPolicy
serverless-e2e-photo-sharing-app,google.cloud.secretmanager.v1.SecretManagerService.SetIamPolicy
serverless-e2e-photo-sharing-app,google.cloud.secretmanager.alpha.SecretManagerService.SetIamPolicy
serverless-e2e-photo-sharing-app,google.cloud.secretmanager.beta.SecretManagerService.SetIamPolicy
serverless-e2e-photo-sharing-app,google.cloud.secretmanager.v1beta1.SecretManagerService.SetIamPolicy
serverless-e2e-photo-sharing-app,google.cloud.secretmanager.v1beta2.SecretManagerService.SetIamPolicy
serverless-e2e-photo-sharing-app,google.cloud.secretmanager.v1beta3.SecretManagerService.SetIamPolicy
serverless-e2e-photo-sharing-app,google.cloud.secretmanager.v1beta4.SecretManagerService.SetIamPolicy
serverless-e2e-photo-sharing-app,google.cloud.secretmanager.v1.SecretManagerService.SetIamPolicy
serverless-e2e-photo-sharing-app,google.cloud.secretmanager.alpha.SecretManagerService.SetIamPolicy
serverless-e2e-photo-sharing-app,google.cloud.secretmanager.beta.SecretManagerService.SetIamPolicy
serverless-e2e-photo-sharing-app,google.cloud.secretmanager.v1beta1.SecretManagerService.SetIamPolicy
serverless-e2e-photo-sharing-app,google.cloud.secretmanager.v1beta2.SecretManagerService.SetIamPolicy
serverless-e2e-photo-sharing-app,google.cloud.secretmanager.v1beta3.SecretManagerService.SetIamPolicy
serverless-e2e-photo-sharing-app,google.cloud.secretmanager.v1beta4.SecretManagerService.SetIamPolicy
serverless-e2e-photo-sharing-app,google.cloud.secretmanager.v1.SecretManagerService.CreateSecret
serverless-e2e-photo-sharing-app,google.cloud.secretmanager.alpha.SecretManagerService.CreateSecret
serverless-e2e-photo-sharing-app,google.cloud.secretmanager.beta.SecretManagerService.CreateSecret
serverless-e2e-photo-sharing-app,google.cloud.secretmanager.v1beta1.SecretManagerService.CreateSecret
serverless-e2e-photo-sharing-app,google.cloud.secretmanager.v1beta2.SecretManagerService.CreateSecret
serverless-e2e-photo-sharing-app,google.cloud.secretmanager.v1beta3.SecretManagerService.CreateSecret
serverless-e2e-photo-sharing-app,google.cloud.secretmanager.v1beta4.SecretManagerService.CreateSecret
serverless-e2e-photo-sharing-app,google.cloud.secretmanager.v1.SecretManagerService.AddSecretVersion
serverless-e2e-photo-sharing-app,google.cloud.secretmanager.alpha.SecretManagerService.AddSecretVersion
serverless-e2e-photo-sharing-app,google.cloud.secretmanager.beta.SecretManagerService.AddSecretVersion
serverless-e2e-photo-sharing-app,google.cloud.secretmanager.v1beta1.SecretManagerService.AddSecretVersion
serverless-e2e-photo-sharing-app,google.cloud.secretmanager.v1beta2.SecretManagerService.AddSecretVersion
serverless-e2e-photo-sharing-app,google.cloud.secretmanager.v1beta3.SecretManagerService.AddSecretVersion
serverless-e2e-photo-sharing-app,google.cloud.secretmanager.v1beta4.SecretManagerService.AddSecretVersion
serverless-e2e-photo-sharing-app,google.cloud.secretmanager.v1.SecretManagerService.SetIamPolicy
serverless-e2e-photo-sharing-app,google.cloud.secretmanager.alpha.SecretManagerService.SetIamPolicy
serverless-e2e-photo-sharing-app,google.cloud.secretmanager.beta.SecretManagerService.SetIamPolicy
serverless-e2e-photo-sharing-app,google.cloud.secretmanager.v1beta1.SecretManagerService.SetIamPolicy
serverless-e2e-photo-sharing-app,google.cloud.secretmanager.v1beta2.SecretManagerService.SetIamPolicy
serverless-e2e-photo-sharing-app,google.cloud.secretmanager.v1beta3.SecretManagerService.SetIamPolicy
serverless-e2e-photo-sharing-app,google.cloud.secretmanager.v1beta4.SecretManagerService.SetIamPolicy
serverless-e2e-photo-sharing-app,storage.iam.update
serverless-e2e-photo-sharing-app,storage.iam.update
serverless-e2e-photo-sharing-app,storage.iam.update
serverless-e2e-photo-sharing-app,storage.iam.update
serverless-e2e-photo-sharing-app,storage.iam.update
serverless-e2e-photo-sharing-app,storage.iam.update
serverless-e2e-photo-sharing-app,storage.iam.update
serverless-e2e-photo-sharing-app,google.cloud.run.v1.Services.CreateService
serverless-e2e-photo-sharing-app,google.cloud.run.alpha.Services.CreateService
serverless-e2e-photo-sharing-app,google.cloud.run.beta.Services.CreateService
serverless-e2e-photo-sharing-app,google.cloud.run.v1beta1.Services.CreateService
serverless-e2e-photo-sharing-app,google.cloud.run.v1beta2.Services.CreateService
serverless-e2e-photo-sharing-app,google.cloud.run.v1beta3.Services.CreateService
serverless-e2e-photo-sharing-app,google.cloud.run.v1beta4.Services.CreateService
serverless-e2e-photo-sharing-app,google.cloud.run.v1.Services.SetIamPolicy
serverless-e2e-photo-sharing-app,google.cloud.run.alpha.Services.SetIamPolicy
serverless-e2e-photo-sharing-app,google.cloud.run.beta.Services.SetIamPolicy
serverless-e2e-photo-sharing-app,google.cloud.run.v1beta1.Services.SetIamPolicy
serverless-e2e-photo-sharing-app,google.cloud.run.v1beta2.Services.SetIamPolicy
serverless-e2e-photo-sharing-app,google.cloud.run.v1beta3.Services.SetIamPolicy
serverless-e2e-photo-sharing-app,google.cloud.run.v1beta4.Services.SetIamPolicy
serverless-e2e-photo-sharing-app,compute.v1.RegionNetworkEndpointGroupsService.Insert
serverless-e2e-photo-sharing-app,compute.alpha.RegionNetworkEndpointGroupsService.Insert
serverless-e2e-photo-sharing-app,compute.beta.RegionNetworkEndpointGroupsService.Insert
serverless-e2e-photo-sharing-app,compute.v1beta1.RegionNetworkEndpointGroupsService.Insert
serverless-e2e-photo-sharing-app,compute.v1beta2.RegionNetworkEndpointGroupsService.Insert
serverless-e2e-photo-sharing-app,compute.v1beta3.RegionNetworkEndpointGroupsService.Insert
serverless-e2e-photo-sharing-app,compute.v1beta4.RegionNetworkEndpointGroupsService.Insert
serverless-e2e-photo-sharing-app,google.iam.admin.v1.IAM.UpdateRole
serverless-e2e-photo-sharing-app,google.iam.admin.alpha.IAM.UpdateRole
serverless-e2e-photo-sharing-app,google.iam.admin.beta.IAM.UpdateRole
serverless-e2e-photo-sharing-app,google.iam.admin.v1beta1.IAM.UpdateRole
serverless-e2e-photo-sharing-app,google.iam.admin.v1beta2.IAM.UpdateRole
serverless-e2e-photo-sharing-app,google.iam.admin.v1beta3.IAM.UpdateRole
serverless-e2e-photo-sharing-app,google.iam.admin.v1beta4.IAM.UpdateRole
serverless-e2e-photo-sharing-app,google.iam.admin.v1.IAM.UpdateRole
serverless-e2e-photo-sharing-app,google.iam.admin.alpha.IAM.UpdateRole
serverless-e2e-photo-sharing-app,google.iam.admin.beta.IAM.UpdateRole
serverless-e2e-photo-sharing-app,google.iam.admin.v1beta1.IAM.UpdateRole
serverless-e2e-photo-sharing-app,google.iam.admin.v1beta2.IAM.UpdateRole
serverless-e2e-photo-sharing-app,google.iam.admin.v1beta3.IAM.UpdateRole
serverless-e2e-photo-sharing-app,google.iam.admin.v1beta4.IAM.UpdateRole
serverless-e2e-photo-sharing-app,google.iam.admin.v1.IAM.SetIamPolicy
serverless-e2e-photo-sharing-app,google.iam.admin.alpha.IAM.SetIamPolicy
serverless-e2e-photo-sharing-app,google.iam.admin.beta.IAM.SetIamPolicy
serverless-e2e-photo-sharing-app,google.iam.admin.v1beta1.IAM.SetIamPolicy
serverless-e2e-photo-sharing-app,google.iam.admin.v1beta2.IAM.SetIamPolicy
serverless-e2e-photo-sharing-app,google.iam.admin.v1beta3.IAM.SetIamPolicy
serverless-e2e-photo-sharing-app,google.iam.admin.v1beta4.IAM.SetIamPolicy
single-vm,compute.v1.InstancesService.SetMetadata
single-vm,compute.alpha.InstancesService.SetMetadata
single-vm,compute.beta.InstancesService.SetMetadata
single-vm,compute.v1beta1.InstancesService.SetMetadata
single-vm,compute.v1beta2.InstancesService.SetMetadata
single-vm,compute.v1beta3.InstancesService.SetMetadata
single-vm,compute.v1beta4.InstancesService.SetMetadata
single-vm,compute.v1.InstancesService.Insert
single-vm,compute.alpha.InstancesService.Insert
single-vm,compute.beta.InstancesService.Insert
single-vm,compute.v1beta1.InstancesService.Insert
single-vm,compute.v1beta2.InstancesService.Insert
single-vm,compute.v1beta3.InstancesService.Insert
single-vm,compute.v1beta4.InstancesService.Insert
static-hosting-with-domain,cloud.dns.api.v1.ChangesService.Create
static-hosting-with-domain,cloud.dns.api.alpha.ChangesService.Create
static-hosting-with-domain,cloud.dns.api.beta.ChangesService.Create
static-hosting-with-domain,cloud.dns.api.v1beta1.ChangesService.Create
static-hosting-with-domain,cloud.dns.api.v1beta2.ChangesService.Create
static-hosting-with-domain,cloud.dns.api.v1beta3.ChangesService.Create
static-hosting-with-domain,cloud.dns.api.v1beta4.ChangesService.Create
static-hosting-with-domain,compute.v1.SslCertificatesService.Insert
static-hosting-with-domain,compute.alpha.SslCertificatesService.Insert
static-hosting-with-domain,compute.beta.SslCertificatesService.Insert
static-hosting-with-domain,compute.v1beta1.SslCertificatesService.Insert
static-hosting-with-domain,compute.v1beta2.SslCertificatesService.Insert
static-hosting-with-domain,compute.v1beta3.SslCertificatesService.Insert
static-hosting-with-domain,compute.v1beta4.SslCertificatesService.Insert
static-hosting-with-domain,compute.v1.GlobalAddressesService.Insert
static-hosting-with-domain,compute.alpha.GlobalAddressesService.Insert
static-hosting-with-domain,compute.beta.GlobalAddressesService.Insert
static-hosting-with-domain,compute.v1beta1.GlobalAddressesService.Insert
static-hosting-with-domain,compute.v1beta2.GlobalAddressesService.Insert
static-hosting-with-domain,compute.v1beta3.GlobalAddressesService.Insert
static-hosting-with-domain,compute.v1beta4.GlobalAddressesService.Insert
static-hosting-with-domain,storage.buckets.insert
static-hosting-with-domain,storage.buckets.insert
static-hosting-with-domain,storage.buckets.insert
static-hosting-with-domain,storage.buckets.insert
static-hosting-with-domain,storage.buckets.insert
static-hosting-with-domain,storage.buckets.insert
static-hosting-with-domain,storage.buckets.insert
static-hosting-with-domain,storage.iam.update
static-hosting-with-domain,storage.iam.update
static-hosting-with-domain,storage.iam.update
static-hosting-with-domain,storage.iam.update
static-hosting-with-domain,storage.iam.update
static-hosting-with-domain,storage.iam.update
static-hosting-with-domain,storage.iam.update
static-hosting-with-domain,storage.objects.update
static-hosting-with-domain,storage.objects.update
static-hosting-with-domain,storage.objects.update
static-hosting-with-domain,storage.objects.update
static-hosting-with-domain,storage.objects.update
static-hosting-with-domain,storage.objects.update
static-hosting-with-domain,storage.objects.update
static-hosting-with-domain,storage.objects.insert
static-hosting-with-domain,storage.objects.insert
static-hosting-with-domain,storage.objects.insert
static-hosting-with-domain,storage.objects.insert
static-hosting-with-domain,storage.objects.insert
static-hosting-with-domain,storage.objects.insert
static-hosting-with-domain,storage.objects.insert
static-hosting-with-domain,compute.v1.BackendBucketsService.Insert
static-hosting-with-domain,compute.alpha.BackendBucketsService.Insert
static-hosting-with-domain,compute.beta.BackendBucketsService.Insert
static-hosting-with-domain,compute.v1beta1.BackendBucketsService.Insert
static-hosting-with-domain,compute.v1beta2.BackendBucketsService.Insert
static-hosting-with-domain,compute.v1beta3.BackendBucketsService.Insert
static-hosting-with-domain,compute.v1beta4.BackendBucketsService.Insert
static-hosting-with-domain,compute.v1.UrlMapsService.Insert
static-hosting-with-domain,compute.alpha.UrlMapsService.Insert
static-hosting-with-domain,compute.beta.UrlMapsService.Insert
static-hosting-with-domain,compute.v1beta1.UrlMapsService.Insert
static-hosting-with-domain,compute.v1beta2.UrlMapsService.Insert
static-hosting-with-domain,compute.v1beta3.UrlMapsService.Insert
static-hosting-with-domain,compute.v1beta4.UrlMapsService.Insert
static-hosting-with-domain,compute.v1.TargetHttpProxiesService.Insert
static-hosting-with-domain,compute.alpha.TargetHttpProxiesService.Insert
static-hosting-with-domain,compute.beta.TargetHttpProxiesService.Insert
static-hosting-with-domain,compute.v1beta1.TargetHttpProxiesService.Insert
static-hosting-with-domain,compute.v1beta2.TargetHttpProxiesService.Insert
static-hosting-with-domain,compute.v1beta3.TargetHttpProxiesService.Insert
static-hosting-with-domain,compute.v1beta4.TargetHttpProxiesService.Insert
static-hosting-with-domain,compute.v1.RegionTargetHttpProxiesService.Insert
static-hosting-with-domain,compute.alpha.RegionTargetHttpProxiesService.Insert
static-hosting-with-domain,compute.beta.RegionTargetHttpProxiesService.Insert
static-hosting-with-domain,compute.v1beta1.RegionTargetHttpProxiesService.Insert
static-hosting-with-domain,compute.v1beta2.RegionTargetHttpProxiesService.Insert
static-hosting-with-domain,compute.v1beta3.RegionTargetHttpProxiesService.Insert
static-hosting-with-domain,compute.v1beta4.RegionTargetHttpProxiesService.Insert
static-hosting-with-domain,compute.v1.GlobalForwardingRulesService.Insert
static-hosting-with-domain,compute.alpha.GlobalForwardingRulesService.Insert
static-hosting-with-domain,compute.beta.GlobalForwardingRulesService.Insert
static-hosting-with-domain,compute.v1beta1.GlobalForwardingRulesService.Insert
static-hosting-with-domain,compute.v1beta2.GlobalForwardingRulesService.Insert
static-hosting-with-domain,compute.v1beta3.GlobalForwardingRulesService.Insert
static-hosting-with-domain,compute.v1beta4.GlobalForwardingRulesService.Insert
static-hosting-with-domain,compute.v1.RegionTargetHttpsProxiesService.Insert
static-hosting-with-domain,compute.alpha.RegionTargetHttpsProxiesService.Insert
static-hosting-with-domain,compute.beta.RegionTargetHttpsProxiesService.Insert
static-hosting-with-domain,compute.v1beta1.RegionTargetHttpsProxiesService.Insert
static-hosting-with-domain,compute.v1beta2.RegionTargetHttpsProxiesService.Insert
static-hosting-with-domain,compute.v1beta3.RegionTargetHttpsProxiesService.Insert
static-hosting-with-domain,compute.v1beta4.RegionTargetHttpsProxiesService.Insert
static-hosting-with-domain,compute.v1.TargetHttpsProxiesService.Insert
static-hosting-with-domain,compute.alpha.TargetHttpsProxiesService.Insert
static-hosting-with-domain,compute.beta.TargetHttpsProxiesService.Insert
static-hosting-with-domain,compute.v1beta1.TargetHttpsProxiesService.Insert
static-hosting-with-domain,compute.v1beta2.TargetHttpsProxiesService.Insert
static-hosting-with-domain,compute.v1beta3.TargetHttpsProxiesService.Insert
static-hosting-with-domain,compute.v1beta4.TargetHttpsProxiesService.Insert
static-hosting-with-domain,compute.v1.GlobalForwardingRulesService.Insert
static-hosting-with-domain,compute.alpha.GlobalForwardingRulesService.Insert
static-hosting-with-domain,compute.beta.GlobalForwardingRulesService.Insert
static-hosting-with-domain,compute.v1beta1.GlobalForwardingRulesService.Insert
static-hosting-with-domain,compute.v1beta2.GlobalForwardingRulesService.Insert
static-hosting-with-domain,compute.v1beta3.GlobalForwardingRulesService.Insert
static-hosting-with-domain,compute.v1beta4.GlobalForwardingRulesService.Insert
static-hosting-with-domain,cloud.dns.api.v1.ManagedZonesService.Create
static-hosting-with-domain,cloud.dns.api.alpha.ManagedZonesService.Create
static-hosting-with-domain,cloud.dns.api.beta.ManagedZonesService.Create
static-hosting-with-domain,cloud.dns.api.v1beta1.ManagedZonesService.Create
static-hosting-with-domain,cloud.dns.api.v1beta2.ManagedZonesService.Create
static-hosting-with-domain,cloud.dns.api.v1beta3.ManagedZonesService.Create
static-hosting-with-domain,cloud.dns.api.v1beta4.ManagedZonesService.Create
storage-event-function-app,google.iam.admin.v1.IAM.UpdateRole
storage-event-function-app,google.iam.admin.alpha.IAM.UpdateRole
storage-event-function-app,google.iam.admin.beta.IAM.UpdateRole
storage-event-function-app,google.iam.admin.v1beta1.IAM.UpdateRole
storage-event-function-app,google.iam.admin.v1beta2.IAM.UpdateRole
storage-event-function-app,google.iam.admin.v1beta3.IAM.UpdateRole
storage-event-function-app,google.iam.admin.v1beta4.IAM.UpdateRole
storage-event-function-app,storage.buckets.insert
storage-event-function-app,storage.buckets.insert
storage-event-function-app,storage.buckets.insert
storage-event-function-app,storage.buckets.insert
storage-event-function-app,storage.buckets.insert
storage-event-function-app,storage.buckets.insert
storage-event-function-app,storage.buckets.insert
storage-event-function-app,storage.buckets.insert
storage-event-function-app,storage.buckets.insert
storage-event-function-app,storage.buckets.insert
storage-event-function-app,storage.buckets.insert
storage-event-function-app,storage.buckets.insert
storage-event-function-app,storage.buckets.insert
storage-event-function-app,storage.buckets.insert
storage-event-function-app,google.devtools.artifactregistry.v1.ArtifactRegistry.CreateRepository
storage-event-function-app,google.devtools.artifactregistry.alpha.ArtifactRegistry.CreateRepository
storage-event-function-app,google.devtools.artifactregistry.beta.ArtifactRegistry.CreateRepository
storage-event-function-app,google.devtools.artifactregistry.v1beta1.ArtifactRegistry.CreateRepository
storage-event-function-app,google.devtools.artifactregistry.v1beta2.ArtifactRegistry.CreateRepository
storage-event-function-app,google.devtools.artifactregistry.v1beta3.ArtifactRegistry.CreateRepository
storage-event-function-app,google.devtools.artifactregistry.v1beta4.ArtifactRegistry.CreateRepository
storage-event-function-app,google.cloud.run.v1.Services.CreateService
storage-event-function-app,google.cloud.run.alpha.Services.CreateService
storage-event-function-app,google.cloud.run.beta.Services.CreateService
storage-event-function-app,google.cloud.run.v1beta1.Services.CreateService
storage-event-function-app,google.cloud.run.v1beta2.Services.CreateService
storage-event-function-app,google.cloud.run.v1beta3.Services.CreateService
storage-event-function-app,google.cloud.run.v1beta4.Services.CreateService
storage-event-function-app,google.cloud.run.v1.Services.SetIamPolicy
storage-event-function-app,google.cloud.run.alpha.Services.SetIamPolicy
storage-event-function-app,google.cloud.run.beta.Services.SetIamPolicy
storage-event-function-app,google.cloud.run.v1beta1.Services.SetIamPolicy
storage-event-function-app,google.cloud.run.v1beta2.Services.SetIamPolicy
storage-event-function-app,google.cloud.run.v1beta3.Services.SetIamPolicy
storage-event-function-app,google.cloud.run.v1beta4.Services.SetIamPolicy
storage-event-function-app,storage.objects.update
storage-event-function-app,storage.objects.update
storage-event-function-app,storage.objects.update
storage-event-function-app,storage.objects.update
storage-event-function-app,storage.objects.update
storage-event-function-app,storage.objects.update
storage-event-function-app,storage.objects.update
storage-event-function-app,storage.objects.insert
storage-event-function-app,storage.objects.insert
storage-event-function-app,storage.objects.insert
storage-event-function-app,storage.objects.insert
storage-event-function-app,storage.objects.insert
storage-event-function-app,storage.objects.insert
storage-event-function-app,storage.objects.insert
storage-event-function-app,google.cloud.functions.v1.CloudFunctionsService.CreateFunction
storage-event-function-app,google.cloud.functions.alpha.CloudFunctionsService.CreateFunction
storage-event-function-app,google.cloud.functions.beta.CloudFunctionsService.CreateFunction
storage-event-function-app,google.cloud.functions.v1beta1.CloudFunctionsService.CreateFunction
storage-event-function-app,google.cloud.functions.v1beta2.CloudFunctionsService.CreateFunction
storage-event-function-app,google.cloud.functions.v1beta3.CloudFunctionsService.CreateFunction
storage-event-function-app,google.cloud.functions.v1beta4.CloudFunctionsService.CreateFunction
three-tier-app,google.iam.admin.v1.IAM.CreateServiceAccount
three-tier-app,google.iam.admin.alpha.IAM.CreateServiceAccount
three-tier-app,google.iam.admin.beta.IAM.CreateServiceAccount
three-tier-app,google.iam.admin.v1beta1.IAM.CreateServiceAccount
three-tier-app,google.iam.admin.v1beta2.IAM.CreateServiceAccount
three-tier-app,google.iam.admin.v1beta3.IAM.CreateServiceAccount
three-tier-app,google.iam.admin.v1beta4.IAM.CreateServiceAccount
three-tier-app,google.iam.admin.v1.IAM.UpdateRole
three-tier-app,google.iam.admin.alpha.IAM.UpdateRole
three-tier-app,google.iam.admin.beta.IAM.UpdateRole
three-tier-app,google.iam.admin.v1beta1.IAM.UpdateRole
three-tier-app,google.iam.admin.v1beta2.IAM.UpdateRole
three-tier-app,google.iam.admin.v1beta3.IAM.UpdateRole
three-tier-app,google.iam.admin.v1beta4.IAM.UpdateRole
three-tier-app,google.iam.admin.v1.IAM.UpdateRole
three-tier-app,google.iam.admin.alpha.IAM.UpdateRole
three-tier-app,google.iam.admin.beta.IAM.UpdateRole
three-tier-app,google.iam.admin.v1beta1.IAM.UpdateRole
three-tier-app,google.iam.admin.v1beta2.IAM.UpdateRole
three-tier-app,google.iam.admin.v1beta3.IAM.UpdateRole
three-tier-app,google.iam.admin.v1beta4.IAM.UpdateRole
three-tier-app,compute.v1.NetworksService.Insert
three-tier-app,compute.alpha.NetworksService.Insert
three-tier-app,compute.beta.NetworksService.Insert
three-tier-app,compute.v1beta1.NetworksService.Insert
three-tier-app,compute.v1beta2.NetworksService.Insert
three-tier-app,compute.v1beta3.NetworksService.Insert
three-tier-app,compute.v1beta4.NetworksService.Insert
three-tier-app,compute.v1.GlobalAddressesService.Insert
three-tier-app,compute.alpha.GlobalAddressesService.Insert
three-tier-app,compute.beta.GlobalAddressesService.Insert
three-tier-app,compute.v1beta1.GlobalAddressesService.Insert
three-tier-app,compute.v1beta2.GlobalAddressesService.Insert
three-tier-app,compute.v1beta3.GlobalAddressesService.Insert
three-tier-app,compute.v1beta4.GlobalAddressesService.Insert
three-tier-app,google.cloud.servicenetworking.v1.ServicePeeringManager.UpdateConnection
three-tier-app,google.cloud.servicenetworking.alpha.ServicePeeringManager.UpdateConnection
three-tier-app,google.cloud.servicenetworking.beta.ServicePeeringManager.UpdateConnection
three-tier-app,google.cloud.servicenetworking.v1beta1.ServicePeeringManager.UpdateConnection
three-tier-app,google.cloud.servicenetworking.v1beta2.ServicePeeringManager.UpdateConnection
three-tier-app,google.cloud.servicenetworking.v1beta3.ServicePeeringManager.UpdateConnection
three-tier-app,google.cloud.servicenetworking.v1beta4.ServicePeeringManager.UpdateConnection
three-tier-app,google.cloud.vpcaccess.v1.VpcAccessService.CreateConnector
three-tier-app,google.cloud.vpcaccess.alpha.VpcAccessService.CreateConnector
three-tier-app,google.cloud.vpcaccess.beta.VpcAccessService.CreateConnector
three-tier-app,google.cloud.vpcaccess.v1beta1.VpcAccessService.CreateConnector
three-tier-app,google.cloud.vpcaccess.v1beta2.VpcAccessService.CreateConnector
three-tier-app,google.cloud.vpcaccess.v1beta3.VpcAccessService.CreateConnector
three-tier-app,google.cloud.vpcaccess.v1beta4.VpcAccessService.CreateConnector
three-tier-app,google.cloud.sql.v1.SqlDatabasesService.Insert
three-tier-app,google.cloud.sql.alpha.SqlDatabasesService.Insert
three-tier-app,google.cloud.sql.beta.SqlDatabasesService.Insert
three-tier-app,google.cloud.sql.v1beta1.SqlDatabasesService.Insert
three-tier-app,google.cloud.sql.v1beta2.SqlDatabasesService.Insert
three-tier-app,google.cloud.sql.v1beta3.SqlDatabasesService.Insert
three-tier-app,google.cloud.sql.v1beta4.SqlDatabasesService.Insert
three-tier-app,google.cloud.redis.v1.CloudRedis.CreateInstance
three-tier-app,google.cloud.redis.alpha.CloudRedis.CreateInstance
three-tier-app,google.cloud.redis.beta.CloudRedis.CreateInstance
three-tier-app,google.cloud.redis.v1beta1.CloudRedis.CreateInstance
three-tier-app,google.cloud.redis.v1beta2.CloudRedis.CreateInstance
three-tier-app,google.cloud.redis.v1beta3.CloudRedis.CreateInstance
three-tier-app,google.cloud.redis.v1beta4.CloudRedis.CreateInstance
three-tier-app,google.devtools.artifactregistry.v1.ArtifactRegistry.CreateRepository
three-tier-app,google.devtools.artifactregistry.alpha.ArtifactRegistry.CreateRepository
three-tier-app,google.devtools.artifactregistry.beta.ArtifactRegistry.CreateRepository
three-tier-app,google.devtools.artifactregistry.v1beta1.ArtifactRegistry.CreateRepository
three-tier-app,google.devtools.artifactregistry.v1beta2.ArtifactRegistry.CreateRepository
three-tier-app,google.devtools.artifactregistry.v1beta3.ArtifactRegistry.CreateRepository
three-tier-app,google.devtools.artifactregistry.v1beta4.ArtifactRegistry.CreateRepository
three-tier-app,google.cloud.secretmanager.v1.SecretManagerService.CreateSecret
three-tier-app,google.cloud.secretmanager.alpha.SecretManagerService.CreateSecret
three-tier-app,google.cloud.secretmanager.beta.SecretManagerService.CreateSecret
three-tier-app,google.cloud.secretmanager.v1beta1.SecretManagerService.CreateSecret
three-tier-app,google.cloud.secretmanager.v1beta2.SecretManagerService.CreateSecret
three-tier-app,google.cloud.secretmanager.v1beta3.SecretManagerService.CreateSecret
three-tier-app,google.cloud.secretmanager.v1beta4.SecretManagerService.CreateSecret
three-tier-app,google.cloud.secretmanager.v1.SecretManagerService.AddSecretVersion
three-tier-app,google.cloud.secretmanager.alpha.SecretManagerService.AddSecretVersion
three-tier-app,google.cloud.secretmanager.beta.SecretManagerService.AddSecretVersion
three-tier-app,google.cloud.secretmanager.v1beta1.SecretManagerService.AddSecretVersion
three-tier-app,google.cloud.secretmanager.v1beta2.SecretManagerService.AddSecretVersion
three-tier-app,google.cloud.secretmanager.v1beta3.SecretManagerService.AddSecretVersion
three-tier-app,google.cloud.secretmanager.v1beta4.SecretManagerService.AddSecretVersion
three-tier-app,google.cloud.secretmanager.v1.SecretManagerService.CreateSecret
three-tier-app,google.cloud.secretmanager.alpha.SecretManagerService.CreateSecret
three-tier-app,google.cloud.secretmanager.beta.SecretManagerService.CreateSecret
three-tier-app,google.cloud.secretmanager.v1beta1.SecretManagerService.CreateSecret
three-tier-app,google.cloud.secretmanager.v1beta2.SecretManagerService.CreateSecret
three-tier-app,google.cloud.secretmanager.v1beta3.SecretManagerService.CreateSecret
three-tier-app,google.cloud.secretmanager.v1beta4.SecretManagerService.CreateSecret
three-tier-app,google.cloud.secretmanager.v1.SecretManagerService.AddSecretVersion
three-tier-app,google.cloud.secretmanager.alpha.SecretManagerService.AddSecretVersion
three-tier-app,google.cloud.secretmanager.beta.SecretManagerService.AddSecretVersion
three-tier-app,google.cloud.secretmanager.v1beta1.SecretManagerService.AddSecretVersion
three-tier-app,google.cloud.secretmanager.v1beta2.SecretManagerService.AddSecretVersion
three-tier-app,google.cloud.secretmanager.v1beta3.SecretManagerService.AddSecretVersion
three-tier-app,google.cloud.secretmanager.v1beta4.SecretManagerService.AddSecretVersion
three-tier-app,google.cloud.run.v1.Services.CreateService
three-tier-app,google.cloud.run.alpha.Services.CreateService
three-tier-app,google.cloud.run.beta.Services.CreateService
three-tier-app,google.cloud.run.v1beta1.Services.CreateService
three-tier-app,google.cloud.run.v1beta2.Services.CreateService
three-tier-app,google.cloud.run.v1beta3.Services.CreateService
three-tier-app,google.cloud.run.v1beta4.Services.CreateService
three-tier-app,google.cloud.run.v1.Services.CreateService
three-tier-app,google.cloud.run.alpha.Services.CreateService
three-tier-app,google.cloud.run.beta.Services.CreateService
three-tier-app,google.cloud.run.v1beta1.Services.CreateService
three-tier-app,google.cloud.run.v1beta2.Services.CreateService
three-tier-app,google.cloud.run.v1beta3.Services.CreateService
three-tier-app,google.cloud.run.v1beta4.Services.CreateService
three-tier-app,google.cloud.run.v1.Services.SetIamPolicy
three-tier-app,google.cloud.run.alpha.Services.SetIamPolicy
three-tier-app,google.cloud.run.beta.Services.SetIamPolicy
three-tier-app,google.cloud.run.v1beta1.Services.SetIamPolicy
three-tier-app,google.cloud.run.v1beta2.Services.SetIamPolicy
three-tier-app,google.cloud.run.v1beta3.Services.SetIamPolicy
three-tier-app,google.cloud.run.v1beta4.Services.SetIamPolicy
three-tier-app,google.cloud.run.v1.Services.SetIamPolicy
three-tier-app,google.cloud.run.alpha.Services.SetIamPolicy
three-tier-app,google.cloud.run.beta.Services.SetIamPolicy
three-tier-app,google.cloud.run.v1beta1.Services.SetIamPolicy
three-tier-app,google.cloud.run.v1beta2.Services.SetIamPolicy
three-tier-app,google.cloud.run.v1beta3.Services.SetIamPolicy
three-tier-app,google.cloud.run.v1beta4.Services.SetIamPolicy
